,leiden,cell_type
AACACTTGGCAAGGAA-1,0,SMC
AACAGGTTATTGCACC-1,5,Macrophage
AACCACTGCCATAGCC-1,2,Fibroblast
AACCTACAGAGGTAGT-1,1,Endothelial
AACGAAGCGTGGAAGT-1,1,Endothelial
AACGAGCTAATAACTA-1,4,SMC
AACTAGCACTGTTCGA-1,1,Endothelial
AACTAGCCTTGCAATA-1,1,Endothelial
AACTCACCGAACTTAT-1,2,Fibroblast
AACTCACCTCGGTGTT-1,2,Fibroblast
AACTGCCTCGATAGGT-1,3,Adipocyte
AAGACTGTCATAGTGC-1,4,SMC
AAGATGAAGGTCATCG-1,2,Fibroblast
AAGATTATCTAGCATA-1,0,SMC
AAGCCACTATGTCTAA-1,0,SMC
AAGCCAGGCCGACGTG-1,0,SMC
AAGCGAGGAAGTGAAC-1,1,Endothelial
AAGGAGGCACTCAATT-1,1,Endothelial
AAGGCCGACCTACCTG-1,3,Adipocyte
AAGGCGAGGTTCATGT-1,4,SMC
AAGGCGCCTAACATAG-1,4,SMC
AAGGTTGCAGAAGCAG-1,4,SMC
AAGTACTACAGTAGAA-1,4,SMC
AAGTCTGTCAATTCTT-1,2,Fibroblast
AAGTCTTAAGTTGCCA-1,0,SMC
AAGTGGACGAATCTAC-1,2,Fibroblast
AAGTGGCGAGTGTACA-1,1,Endothelial
AAGTTCCTATTGCTGG-1,1,Endothelial
AATAACGTAACTGTGA-1,4,SMC
AATAACTCTACGATGT-1,1,Endothelial
AATAGTGCTCATAGAA-1,3,Adipocyte
AATATTAGGCTTCTGG-1,4,SMC
AATCCGCCTGGTCAAT-1,4,SMC
AATGAAGACGGTTCAG-1,5,Macrophage
AATGAATCGGAAGGCA-1,0,SMC
AATGATTACAACCTAA-1,3,Adipocyte
AATGCAATCACTGTCG-1,1,Endothelial
AATGGACATCCTACTC-1,5,Macrophage
AATGGCATAGTATCAT-1,3,Adipocyte
AATGGTGCGTCCTAAC-1,2,Fibroblast
AATGTCAGGTCATTAC-1,3,Adipocyte
AATTCTCGCACCAGTA-1,5,Macrophage
AATTGCATTGAAGAAT-1,3,Adipocyte
ACAACTAAGGTGTTAT-1,2,Fibroblast
ACAATACGCCTTATTC-1,1,Endothelial
ACAGAATCCGTTGCTT-1,6,Fibroblast
ACAGAATGTCTTATTG-1,5,Macrophage
ACAGCCAGGCATAAGC-1,1,Endothelial
ACAGGAACTACAGAAC-1,6,Fibroblast
ACATCGCCACAAGAGG-1,2,Fibroblast
ACATGGATGCGTAAGC-1,6,Fibroblast
ACATTGGTTCACAGTG-1,0,SMC
ACCAAGTGATGGTGAG-1,2,Fibroblast
ACCAAGTGGCTGTATG-1,4,SMC
ACCAGTATGAAGTTCC-1,4,SMC
ACCATTAGATCGTGGC-1,0,SMC
ACCGATTGAGGATCTG-1,2,Fibroblast
ACCGGCACCATACTGC-1,2,Fibroblast
ACCGGCCTCAGGAGTT-1,1,Endothelial
ACCGGCTATCGTGCGG-1,0,SMC
ACCGTACACGACCGTC-1,6,Fibroblast
ACCTAAGTAGAACAGA-1,2,Fibroblast
ACCTGCCACTATCAAT-1,1,Endothelial
ACCTGCTTATAGTTCG-1,2,Fibroblast
ACCTGCTTGAGCCTGG-1,0,SMC
ACCTGTGGTCACCTCG-1,0,SMC
ACGAACGCACGAGCAC-1,3,Adipocyte
ACGACTGAAGACTTAC-1,1,Endothelial
ACGATGTTACCTCATT-1,0,SMC
ACGGCTTCCATCGGAA-1,4,SMC
ACGGCTTGTTCAATCG-1,1,Endothelial
ACGGTTACATCCGAAG-1,2,Fibroblast
ACGGTTCGTACAGTTG-1,0,SMC
ACGGTTCGTCCGACCG-1,1,Endothelial
ACGTCAGATTACTTCG-1,1,Endothelial
ACGTTCACGACTAGGT-1,0,SMC
ACGTTCCATTACCTCA-1,0,SMC
ACTAGATCTGAAGCGG-1,2,Fibroblast
ACTATGAGGTTCTGTC-1,0,SMC
ACTATTAGACAGGCTG-1,6,Fibroblast
ACTCAGGCCTGCAACT-1,6,Fibroblast
ACTCAGTGAGCCTCCA-1,3,Adipocyte
ACTCCAGGCCGAAGAC-1,6,Fibroblast
ACTCCAGTAGCTCCAG-1,2,Fibroblast
ACTCGATTGATATCCA-1,1,Endothelial
ACTTGAAGCGAGCGGT-1,3,Adipocyte
AGAACAGGAGCATGGA-1,3,Adipocyte
AGAACTTCGATGCGTA-1,3,Adipocyte
AGAAGGATGGTATGAA-1,0,SMC
AGAAGTTGAGCGCAAG-1,1,Endothelial
AGACAAGACGTATCGC-1,6,Fibroblast
AGACGCGTGATGCATC-1,4,SMC
AGACGCTTGGCCTCAC-1,1,Endothelial
AGACGTAGGCGGACCG-1,0,SMC
AGACTCATTGCGGACA-1,5,Macrophage
AGACTCCTGTATGGCG-1,0,SMC
AGACTCTATTAGCGCT-1,4,SMC
AGCACGGAGGCAGTCA-1,0,SMC
AGCCGGCCTATTCCAG-1,0,SMC
AGCCGTATCTTCGTCT-1,2,Fibroblast
AGCCTCCGAACTACCA-1,1,Endothelial
AGCCTCTATGCAGCAA-1,4,SMC
AGCGAGAACAGATTCT-1,0,SMC
AGCGGTGAGTGACATG-1,3,Adipocyte
AGCGTGCGCCTGATCG-1,1,Endothelial
AGCGTGGCACCGACAA-1,3,Adipocyte
AGCGTGTATGTACGGT-1,2,Fibroblast
AGCTAGCGTACAGTAA-1,2,Fibroblast
AGCTGTCCAGATGCTA-1,2,Fibroblast
AGGACGTATCGCCGTA-1,0,SMC
AGGACGTCGGCACGAA-1,3,Adipocyte
AGGACTAGGACCGCAG-1,1,Endothelial
AGGACTGGATGAAGAC-1,1,Endothelial
AGGATAACCGGTCGGA-1,4,SMC
AGGATCAACATTCGTT-1,1,Endothelial
AGGCATTAAGTCTGGC-1,0,SMC
AGGCCGCAGAATAACG-1,1,Endothelial
AGGCCTGTCTAGTGGC-1,2,Fibroblast
AGGTCTTCCATCGCCG-1,5,Macrophage
AGGTGAAGTGACGACT-1,5,Macrophage
AGGTTAGTGGCCATAG-1,4,SMC
AGTAACCGCAGGTCAA-1,2,Fibroblast
AGTAAGCTCGGCCAAT-1,3,Adipocyte
AGTACCGTTGTACGCC-1,0,SMC
AGTAGACAGTAAGGAG-1,3,Adipocyte
AGTAGAGCATGGACGT-1,4,SMC
AGTATTCAGCTGAATG-1,4,SMC
AGTATTCGTCGGTATC-1,1,Endothelial
AGTATTGGTATGTCTA-1,2,Fibroblast
AGTCGCCACTCGGCGA-1,5,Macrophage
AGTCGGACCGTGCTTA-1,3,Adipocyte
AGTCGGTCTAATCTGT-1,6,Fibroblast
AGTGTCTAGGCTAATA-1,4,SMC
AGTTATCCTGAACGAA-1,1,Endothelial
AGTTCGGCACATACGG-1,4,SMC
AGTTCGTGCAGACCTT-1,6,Fibroblast
AGTTGTACTTAATGGA-1,3,Adipocyte
AGTTGTCCACAGACCA-1,1,Endothelial
ATAACCTAGAACCTGC-1,0,SMC
ATAAGACCAATCGCGG-1,0,SMC
ATAAGGAATAGAACAT-1,4,SMC
ATACAAGGTCAGTAGA-1,3,Adipocyte
ATACATCAAGGATTGC-1,5,Macrophage
ATACATCATGCACCAA-1,2,Fibroblast
ATACGCTGAGATCAGA-1,5,Macrophage
ATACTAGCCATTAGTT-1,1,Endothelial
ATACTGGAGGATAACG-1,1,Endothelial
ATAGAACCTCTACCGA-1,0,SMC
ATAGATGCCTAAGCAC-1,5,Macrophage
ATAGTGAGTGAGGATT-1,3,Adipocyte
ATAGTTCGCAGCCGTG-1,3,Adipocyte
ATCACCAGTTCGGCGA-1,0,SMC
ATCACTTAGGCCTTGT-1,2,Fibroblast
ATCATTCACCAGATTG-1,4,SMC
ATCATTGTCCATGCCA-1,5,Macrophage
ATCCGAGTACCACGTG-1,1,Endothelial
ATCCGGATGACGTAAC-1,2,Fibroblast
ATCCGGTACCGTCCTT-1,4,SMC
ATCCGGTATCACAAGT-1,0,SMC
ATCCGTAGCTTCAGTA-1,4,SMC
ATCCGTAGTGTCGCTC-1,2,Fibroblast
ATCCTCGTTCCAGGCC-1,2,Fibroblast
ATCGCAATGCACTAAC-1,5,Macrophage
ATCGCAGTAACTTATT-1,4,SMC
ATCGCAGTCTATGGCA-1,0,SMC
ATCGGCTCTATGCCTC-1,2,Fibroblast
ATCGTACACCTATGCC-1,4,SMC
ATCGTCACCATGTCAC-1,5,Macrophage
ATCGTCAGTTAGTCCA-1,1,Endothelial
ATCTCCTTGCGATACA-1,5,Macrophage
ATCTGAGGAACGGTTG-1,0,SMC
ATCTTAGTGGCATGGA-1,4,SMC
ATCTTGGCTTCGTCCT-1,1,Endothelial
ATGAATGTATCGTGGT-1,1,Endothelial
ATGACCTCACTTAACC-1,0,SMC
ATGATATCTAGTCTTA-1,5,Macrophage
ATGCATGGTTCCGCCT-1,5,Macrophage
ATGCTGAATGCAATAG-1,0,SMC
ATGCTGCCGGCATACT-1,2,Fibroblast
ATGCTTGGACGAACTT-1,0,SMC
ATGGAGTAATCGGACC-1,3,Adipocyte
ATGGCATTATGGCTCG-1,3,Adipocyte
ATGTAATTGTCGTTCG-1,2,Fibroblast
ATGTACATGAACTCCG-1,0,SMC
ATGTACTACCGACTTC-1,4,SMC
ATGTAGGTAACCGTAC-1,2,Fibroblast
ATTAAGAACAGCTCCG-1,5,Macrophage
ATTACATTGAAGTATG-1,6,Fibroblast
ATTACTCCGTGAAGCG-1,3,Adipocyte
ATTAGATAAGACGGCG-1,4,SMC
ATTAGCCTCACTTCTA-1,1,Endothelial
ATTATCACAACTCGGC-1,2,Fibroblast
ATTCACATCTTATTCT-1,0,SMC
ATTCACCTGACCAGTT-1,6,Fibroblast
ATTCACGCTGTTATCG-1,2,Fibroblast
ATTCACTCACGTGCAC-1,0,SMC
ATTCAGCTCCTACTAA-1,1,Endothelial
ATTCATAGCGAAGCGT-1,4,SMC
ATTCCGCAACGCCGCT-1,3,Adipocyte
ATTCCGGTTACATACC-1,0,SMC
ATTCCGTAAGGATTCC-1,1,Endothelial
ATTCCTGCCTTAACAG-1,0,SMC
ATTCGCTCGCGGAGGC-1,1,Endothelial
ATTCTAGGACATCAGT-1,1,Endothelial
ATTGCATCACTGACTG-1,2,Fibroblast
CAACAGGTCAGAGGAC-1,2,Fibroblast
CAACCGTATTACTGTA-1,1,Endothelial
CAACGCTTGCTCCTAC-1,5,Macrophage
CAACTGCAGTGCAATA-1,5,Macrophage
CAAGACCACTATCGAA-1,5,Macrophage
CAAGCCGCCATAGAGG-1,1,Endothelial
CAAGTGTTCGCCACGC-1,0,SMC
CAATAAGCGGCCAGAT-1,2,Fibroblast
CAATTGAACCGGCTCG-1,0,SMC
CACCTAGACGAGCCGG-1,3,Adipocyte
CACCTCGAGCGATGCT-1,6,Fibroblast
CACGCCACAATCGCAC-1,1,Endothelial
CACGTAGGTAGGCTGA-1,1,Endothelial
CACGTCAAGTGCGATC-1,1,Endothelial
CACTACTGCGGAATTG-1,0,SMC
CACTACTGGCTGAACC-1,1,Endothelial
CACTGGCCAGCCAGAT-1,5,Macrophage
CACTTGACATTCAGAA-1,5,Macrophage
CAGAACATGATAGGAC-1,2,Fibroblast
CAGAAGTCGCGGTTAT-1,3,Adipocyte
CAGACGAATGAGGAAC-1,3,Adipocyte
CAGATTGCCTGTAAGT-1,5,Macrophage
CAGCCAGTCCTGTCGG-1,3,Adipocyte
CAGCTCCTCGGATTCT-1,1,Endothelial
CAGGACATGGTAATGC-1,0,SMC
CAGTACAGTTGTGGAA-1,5,Macrophage
CAGTATGCGTGGCGCT-1,0,SMC
CAGTCAGCCGATCCGG-1,0,SMC
CAGTGAACAGCAACGA-1,0,SMC
CAGTTGCTCACGTGTC-1,2,Fibroblast
CATAGAACATTGAACA-1,1,Endothelial
CATCAGATACTAATCG-1,5,Macrophage
CATCAGGTGCCTGATA-1,1,Endothelial
CATCCGAAGCGTATGG-1,2,Fibroblast
CATCGCGGTCGGTGCG-1,3,Adipocyte
CATGCGCTACTGGAGG-1,2,Fibroblast
CATTAACTATTGTTCC-1,5,Macrophage
CATTAGGATAGTGAAT-1,1,Endothelial
CATTAGGCAATGGTTA-1,0,SMC
CCAACTTGCCACCGTA-1,0,SMC
CCAATCTTGCCTATGG-1,5,Macrophage
CCAGACAATATCGTTA-1,5,Macrophage
CCAGACAGAACCTAAG-1,3,Adipocyte
CCAGACATCCGGTTCT-1,1,Endothelial
CCAGATAGACGAGGTG-1,0,SMC
CCATAGTATTGTCTGC-1,2,Fibroblast
CCATCTGTGGCATCGT-1,0,SMC
CCATGAACATCGTTGG-1,2,Fibroblast
CCATTCGTCTGCTCTA-1,2,Fibroblast
CCGACAAGACTGTACT-1,5,Macrophage
CCGACAGACTGTGCCT-1,1,Endothelial
CCGAGGATGACTCGTC-1,5,Macrophage
CCGATGGAACATCAGC-1,3,Adipocyte
CCGATTCCTCACTACA-1,3,Adipocyte
CCGCGTCGTTGGTCTG-1,1,Endothelial
CCGCGTTACCTTGGCG-1,2,Fibroblast
CCGCTGTCACCTGCAA-1,0,SMC
CCGCTGTTGCCATACG-1,5,Macrophage
CCGGCGAACATCACGT-1,2,Fibroblast
CCGGCGAACCGTGCAC-1,4,SMC
CCGGCGTCTTAATAAG-1,3,Adipocyte
CCGTGAAGGATAACAG-1,4,SMC
CCTAACTTATGTTGGA-1,2,Fibroblast
CCTAAGCATGCCTTGT-1,3,Adipocyte
CCTAATCCACAAGGAT-1,1,Endothelial
CCTAATGGCACTGTTC-1,1,Endothelial
CCTACCACTCCAGTTA-1,5,Macrophage
CCTACGAGCTGGCCGG-1,0,SMC
CCTAGCCTTCATCGGC-1,0,SMC
CCTATGCCTTCTTGTT-1,3,Adipocyte
CCTCACGTTACTCGCA-1,2,Fibroblast
CCTCGATAGAATAGGA-1,0,SMC
CCTCTACCGTGATTGG-1,3,Adipocyte
CCTCTTCGAGCGGTTG-1,2,Fibroblast
CCTGGATCTAGAGCCA-1,4,SMC
CCTGTCTAAGTAGGCT-1,2,Fibroblast
CCTGTCTGATAGGTGA-1,4,SMC
CCTGTCTGCATAGGTC-1,3,Adipocyte
CCTTGTCTACTTAGAC-1,2,Fibroblast
CCTTGTGATGGTCTAG-1,5,Macrophage
CGAACCAGAAGTCTGG-1,6,Fibroblast
CGAATGGACCGTCTTG-1,3,Adipocyte
CGACAAGTACTCCTTA-1,1,Endothelial
CGACCAGAAGGATCCG-1,3,Adipocyte
CGACCAGCCTTGATTA-1,3,Adipocyte
CGAGATGCCGCATCTT-1,1,Endothelial
CGAGCGGCACAGTAGG-1,1,Endothelial
CGAGCTTAGAATACCT-1,4,SMC
CGAGGAGTCTAAGGAT-1,4,SMC
CGAGGATTCGATCATA-1,3,Adipocyte
CGAGTGCGGCTCGTGG-1,3,Adipocyte
CGATAAGAATTCCAGT-1,3,Adipocyte
CGATGAGGCCAACGTA-1,5,Macrophage
CGATGCACCAGGCCTC-1,0,SMC
CGATGTCCGACTACAG-1,5,Macrophage
CGCAACCATGCACCGA-1,4,SMC
CGCACGGCTGTCAGGT-1,2,Fibroblast
CGCACTGTGAGCCTGT-1,1,Endothelial
CGCATCTTGACTTAGT-1,1,Endothelial
CGCATGAGGAGCGTCT-1,3,Adipocyte
CGCCTCGAGCCACTCG-1,3,Adipocyte
CGCCTCGGAACTGTGC-1,1,Endothelial
CGCCTTATCTTGGCGA-1,5,Macrophage
CGCTATAGTCTTCATC-1,1,Endothelial
CGCTATTATGATACGT-1,1,Endothelial
CGCTGCTATGACAGAC-1,1,Endothelial
CGCTTATGGTTAGGAT-1,5,Macrophage
CGCTTGGCTTGGATCT-1,2,Fibroblast
CGGACTGTGAGTATAG-1,6,Fibroblast
CGGCAACCACTAGCAT-1,1,Endothelial
CGGCATTATCGCGTGG-1,1,Endothelial
CGGTATAGGATGAGCG-1,2,Fibroblast
CGGTGAGCATGTATAC-1,2,Fibroblast
CGGTTATCTGTCTTAA-1,4,SMC
CGTAACATTCGCGATA-1,3,Adipocyte
CGTAACATTGGCTGAG-1,0,SMC
CGTACAGACGAGGACC-1,2,Fibroblast
CGTACAGTAAGTAATG-1,2,Fibroblast
CGTAGTACGCATAATG-1,5,Macrophage
CGTAGTTCGTTGGTAG-1,0,SMC
CGTCCATCGTCCAATA-1,3,Adipocyte
CGTGTAGACACCTTCC-1,0,SMC
CGTTGTGAGCAAGTGG-1,3,Adipocyte
CTAACAGTATACCGGC-1,5,Macrophage
CTAATCTGGCCGTGTT-1,4,SMC
CTAATGACATCATTCT-1,0,SMC
CTAATGAGCGAGGCTA-1,4,SMC
CTACAACCGCTGTCTA-1,1,Endothelial
CTACAGATCGGTCGCC-1,0,SMC
CTACAGCGTCTACACT-1,0,SMC
CTACATCTACTGGCTT-1,5,Macrophage
CTACGCTTAGAAGTGC-1,4,SMC
CTACTGCTCCGACAGT-1,0,SMC
CTATAGATCCACAAGC-1,0,SMC
CTATCGGATATCGGAG-1,4,SMC
CTATGCCGTACAGCGT-1,5,Macrophage
CTATGTGCGGTTGACT-1,3,Adipocyte
CTATTAGCGGCTTCGT-1,2,Fibroblast
CTATTCTGTAGGACCT-1,6,Fibroblast
CTCAATGACCATTAAG-1,5,Macrophage
CTCACCTGAGACTAAG-1,0,SMC
CTCACCTGCCGACTAA-1,0,SMC
CTCACGTATTCAAGCG-1,6,Fibroblast
CTCACGTTCGGTCTGC-1,3,Adipocyte
CTCATAATAGCACCGT-1,2,Fibroblast
CTCATAGCCAATGTCG-1,0,SMC
CTCCGGCCTACAGCTT-1,0,SMC
CTCCTACATTGTATCT-1,5,Macrophage
CTCCTACCTCGTGGTA-1,2,Fibroblast
CTCCTTATCTTAAGAC-1,4,SMC
CTCGACAGCACTCGGA-1,0,SMC
CTCGACTCCTAATGGA-1,5,Macrophage
CTCGCTGTTCATAGAT-1,1,Endothelial
CTCGGATCGGAATACG-1,6,Fibroblast
CTCGTTCTGTCACGTT-1,6,Fibroblast
CTGAAGGTGCTCGAGG-1,6,Fibroblast
CTGACTGTGGCCGGTT-1,1,Endothelial
CTGCCGATTGCGATGT-1,2,Fibroblast
CTGCCGTGAAGTCGCA-1,3,Adipocyte
CTGCTCATTAGAGTGC-1,0,SMC
CTGGAATAGTGCAAGT-1,4,SMC
CTGGAATGGATCAGCA-1,1,Endothelial
CTGGCGCATATCCGTG-1,4,SMC
CTGGTGCGTTCACGAG-1,4,SMC
CTGGTGGCCAATAAGT-1,5,Macrophage
CTGTATCTTCGCCATA-1,5,Macrophage
CTGTCAGATCGATGCG-1,2,Fibroblast
CTGTGGCTTGTCAGCT-1,1,Endothelial
CTTACGACAACGATAC-1,2,Fibroblast
CTTACGCAACTCAACG-1,4,SMC
CTTACGGTAAGCCGAA-1,5,Macrophage
CTTACGTCATCCTTAT-1,0,SMC
CTTAGCAAGGACAGCC-1,1,Endothelial
CTTAGCTTAGTTCTCG-1,3,Adipocyte
CTTAGTCTATCGAGAC-1,3,Adipocyte
CTTAGTCTCGACAACT-1,0,SMC
CTTAGTTGCTCGTTGT-1,4,SMC
CTTCAAGTCGACCTTC-1,3,Adipocyte
CTTCCAATTGAAGATT-1,2,Fibroblast
CTTCCGTCGCTGCATC-1,4,SMC
CTTCGACTCCAGACTG-1,1,Endothelial
CTTCGAGCTGCAGCCT-1,2,Fibroblast
CTTCGATAACATTGGT-1,3,Adipocyte
CTTCGATATGTAGGAG-1,4,SMC
CTTGAGTCTTACAGTG-1,1,Endothelial
CTTGGAACTCCACGCC-1,2,Fibroblast
CTTGGTTAGAGTCATC-1,4,SMC
CTTGTATCGTATGATT-1,1,Endothelial
GAACATTCGACACGTA-1,1,Endothelial
GAACGCTAGAAGGCTA-1,4,SMC
GAACTAACTCTACGTG-1,4,SMC
GAACTACCTTATCATA-1,3,Adipocyte
GAACTGTAACTCAGGC-1,3,Adipocyte
GAATAAGGAGAACTAA-1,5,Macrophage
GAATGACACGACTAGG-1,5,Macrophage
GACAACGGACTCAGCT-1,6,Fibroblast
GACAATCTATTAGATT-1,2,Fibroblast
GACCACATTCTTGAAT-1,0,SMC
GACCACTCCTGACGTT-1,4,SMC
GACCGGCCATGTACCG-1,5,Macrophage
GACGCTCACCAACCGG-1,1,Endothelial
GACGGCTTAGGTGCGA-1,2,Fibroblast
GACTACGAGTTCCATT-1,3,Adipocyte
GACTAGTAATCTTGCT-1,0,SMC
GACTGCGGTCTGCGTG-1,0,SMC
GAGCCTCACGTATGTA-1,4,SMC
GAGCTAACCTACTTAC-1,1,Endothelial
GAGGATCCAGAACTGG-1,4,SMC
GAGGATGATAGGAAGG-1,0,SMC
GAGGCCAGCAGAGGTT-1,2,Fibroblast
GAGGCGCTCCATTCCT-1,2,Fibroblast
GAGGTAACTAGACAGT-1,4,SMC
GAGGTATTAATAGCGG-1,3,Adipocyte
GAGGTGCATTCGGATC-1,5,Macrophage
GAGTAGATTATGGTTC-1,4,SMC
GAGTAGGATGGTAGTC-1,5,Macrophage
GAGTCCACTCATAACA-1,4,SMC
GAGTCTGACTATAGAA-1,1,Endothelial
GAGTCTGGTGAATGAG-1,3,Adipocyte
GAGTGCCGCATTAGGC-1,6,Fibroblast
GAGTGGAGCAAGCGCA-1,3,Adipocyte
GAGTTACTCAATGGAA-1,0,SMC
GAGTTCTATCGTGCCT-1,4,SMC
GATAAGCACGTGCGTA-1,1,Endothelial
GATCCACCGCGTGCAA-1,5,Macrophage
GATCGGAGATACGCAG-1,0,SMC
GATGCCTAGAGTCTGT-1,5,Macrophage
GATGTAGCGAGGTCCA-1,0,SMC
GATGTAGGAGTTGGCC-1,0,SMC
GATTCCATACTGAACC-1,0,SMC
GATTCCATTGAGTTGA-1,3,Adipocyte
GATTCCGCTGCAAGAT-1,0,SMC
GATTCCGTGCGTATAC-1,0,SMC
GATTGTCGCAACGAGG-1,3,Adipocyte
GCAACATACATCAGCA-1,1,Endothelial
GCAAGATAGGTTAACT-1,5,Macrophage
GCAATACATGAGGACA-1,0,SMC
GCAATTAATCAACGTA-1,2,Fibroblast
GCACCTTAGCCTCGCA-1,0,SMC
GCACTGGACGCAGCAC-1,0,SMC
GCAGGCTACCGTCCTT-1,3,Adipocyte
GCAGGCTGGTTCCAAG-1,2,Fibroblast
GCATGACGGATTATCA-1,5,Macrophage
GCATTACCTGTCAAGA-1,3,Adipocyte
GCATTGACTACAGCGA-1,5,Macrophage
GCATTGGTTACCAAGC-1,3,Adipocyte
GCCACTATAGACCATA-1,1,Endothelial
GCCAGACAGACGCCTA-1,4,SMC
GCCAGACATCTATCAC-1,3,Adipocyte
GCCGAAGATGTATTGA-1,2,Fibroblast
GCCGAGTCCTCGTCCA-1,0,SMC
GCCGCTGATTGGCCAG-1,3,Adipocyte
GCCGGCGTGAACTTGC-1,5,Macrophage
GCCGTATGCCAGTCTT-1,2,Fibroblast
GCCTCCTGCGGCCGTT-1,2,Fibroblast
GCCTGGAGCAAGTTAG-1,1,Endothelial
GCCTGGTACATGGTCG-1,4,SMC
GCCTGGTCAGGTTGCC-1,5,Macrophage
GCCTTGAGATCTGAGC-1,0,SMC
GCCTTGCCACTTCTGA-1,4,SMC
GCCTTGGCGAACAATC-1,6,Fibroblast
GCGAATAGTGGCTAAT-1,0,SMC
GCGAATCGAGAACACG-1,3,Adipocyte
GCGACAGTGCCGCACC-1,0,SMC
GCGAGCGGACCATAAC-1,4,SMC
GCGAGCGGTTGTCATG-1,1,Endothelial
GCGATGACCGTGTAAT-1,5,Macrophage
GCGGCAAGTGTTATGT-1,3,Adipocyte
GCGGTGGCCGACGCAT-1,5,Macrophage
GCGTACCGGATGGCTC-1,1,Endothelial
GCGTACCGTGTATCAG-1,5,Macrophage
GCGTCGGAATGCTGCC-1,4,SMC
GCGTCGGTCACGCCAG-1,1,Endothelial
GCTACCATCCTGTAGA-1,2,Fibroblast
GCTATGCGTGAACGGT-1,2,Fibroblast
GCTCAACCACGGCAAC-1,3,Adipocyte
GCTCATACAATTAGAC-1,0,SMC
GCTCGGAGATGAATGT-1,4,SMC
GCTGACAGCCGGAGCG-1,5,Macrophage
GCTGTAGTGCTGTCGC-1,3,Adipocyte
GCTGTTGATAGTCTTA-1,3,Adipocyte
GCTTCTAAGTCTGACG-1,0,SMC
GCTTCTAGCGTTCATT-1,5,Macrophage
GCTTCTTGGACGAGCG-1,1,Endothelial
GCTTGCTTACTTAACG-1,1,Endothelial
GCTTGGATCCAACCGG-1,2,Fibroblast
GCTTGGATGCTCGCTT-1,3,Adipocyte
GCTTGGCTGCGGTAAC-1,0,SMC
GGAACTTCGACATGTC-1,2,Fibroblast
GGAAGCTATGGCACAG-1,2,Fibroblast
GGAATCCTTAGACTGT-1,5,Macrophage
GGAATGGCAACTTGGA-1,3,Adipocyte
GGACAGTGCGGCAACA-1,1,Endothelial
GGACCGCTTCCTGGCA-1,5,Macrophage
GGACGTCGCACGAGAA-1,4,SMC
GGACGTTGGAGGTGAT-1,0,SMC
GGAGATCCTGTACCAG-1,4,SMC
GGAGTCTAAGTGGTCC-1,1,Endothelial
GGATAATTCAATGCTG-1,1,Endothelial
GGATCGCTGGCATATT-1,1,Endothelial
GGCAGCGTATACGACT-1,3,Adipocyte
GGCAGGAAGTCTTCTA-1,2,Fibroblast
GGCATAATCCTATCGC-1,4,SMC
GGCATTGCTAAGAATG-1,5,Macrophage
GGCGAGGCAGCCTACT-1,2,Fibroblast
GGCGGAAGTCTTGTAG-1,6,Fibroblast
GGCGGAGCACTGATAA-1,0,SMC
GGCGTGTAATTACTTA-1,3,Adipocyte
GGCTTGCCATAGGCTC-1,2,Fibroblast
GGTAAGGCGACGATGA-1,5,Macrophage
GGTACCAGGTAGTGTT-1,2,Fibroblast
GGTACGGAGCATCAGC-1,2,Fibroblast
GGTAGCCATCAATCCG-1,1,Endothelial
GGTCCTGCGAGTAGGT-1,4,SMC
GGTCTGAAGGTTCGAA-1,4,SMC
GGTCTGAAGTATGTCA-1,3,Adipocyte
GGTCTGCGAACTGTAT-1,3,Adipocyte
GGTCTTATAGGCTGGC-1,3,Adipocyte
GGTCTTGAACCGGCCA-1,5,Macrophage
GGTCTTGATAACGTCA-1,1,Endothelial
GGTGCAGGCACCGCGT-1,0,SMC
GGTGCAGTGGTCTTAT-1,1,Endothelial
GGTGTCACCAGCGAAC-1,2,Fibroblast
GGTTCATTCCGGCCTC-1,0,SMC
GGTTCTGGAGTCTACC-1,2,Fibroblast
GTAACACCGAGCGTTA-1,0,SMC
GTAATCACGCACAGCT-1,2,Fibroblast
GTACAACTCGGCAGAA-1,5,Macrophage
GTACAGAACAGGACTC-1,0,SMC
GTACCTGAAGTGAATG-1,3,Adipocyte
GTACGAAGGATTATTG-1,1,Endothelial
GTACGAATTCTACCAA-1,2,Fibroblast
GTACGATTAGTCTACA-1,0,SMC
GTACTTAACTTCAGCG-1,1,Endothelial
GTAGAAGGACATCATA-1,5,Macrophage
GTAGCATAGTTACAGG-1,1,Endothelial
GTATGACATAAGACGG-1,4,SMC
GTATGATAGTATGGAT-1,2,Fibroblast
GTATGATCACTTGACG-1,4,SMC
GTATGTTAGTTCTACC-1,4,SMC
GTATTAGATTGAGGTC-1,2,Fibroblast
GTATTATGAGTTAGCG-1,5,Macrophage
GTATTCCAAGTTACCT-1,4,SMC
GTATTCGTGACTTGAT-1,1,Endothelial
GTCAACAGTTAAGTGA-1,0,SMC
GTCAACCTGACGATAG-1,0,SMC
GTCACTAAGCCAGCGG-1,6,Fibroblast
GTCAGCGATGTAATTG-1,5,Macrophage
GTCAGTAGGTGACCGG-1,6,Fibroblast
GTCAGTGAGGATCGTT-1,0,SMC
GTCAGTGCTGACAGCG-1,2,Fibroblast
GTCAGTTCTGCCTGGA-1,1,Endothelial
GTCATCACGTGGTTCA-1,1,Endothelial
GTCCGACAGCCGCATT-1,6,Fibroblast
GTCCTTCATCAGATCA-1,5,Macrophage
GTCTAATACGGCTAAG-1,1,Endothelial
GTCTAGTCTAGCGACG-1,0,SMC
GTCTTGACAATAGCAA-1,4,SMC
GTCTTGCGATGAATGC-1,4,SMC
GTCTTGCGGCGATTCA-1,3,Adipocyte
GTCTTGCTGGACGATA-1,1,Endothelial
GTGAACATTCAACGAT-1,1,Endothelial
GTGAAGATGAGTGCCT-1,3,Adipocyte
GTGAAGTGATCGTGCT-1,6,Fibroblast
GTGACACCAAGTGAAT-1,2,Fibroblast
GTGACATACAGGTCCT-1,1,Endothelial
GTGACCAGATCGAGAT-1,1,Endothelial
GTGACTTCCTCACGAC-1,1,Endothelial
GTGCAACGACGGTGTT-1,0,SMC
GTGCACTTGTTCCTGG-1,2,Fibroblast
GTGCAGGCTGGACATG-1,1,Endothelial
GTGCATGGTTGAGTTC-1,1,Endothelial
GTGCCTGACACGTTGG-1,1,Endothelial
GTGGAACAGAAGTCGA-1,0,SMC
GTGGCGAGGAAGGCTA-1,6,Fibroblast
GTGGCGCACCTGTTCC-1,6,Fibroblast
GTGGTACTGTTGTAGC-1,0,SMC
GTGGTCGCTCTGTAGC-1,0,SMC
GTGGTTGCCGCTTCAA-1,5,Macrophage
GTTAACAACTTCGGAT-1,2,Fibroblast
GTTAACTCCGACCACT-1,4,SMC
GTTAGGCCTGAACATC-1,4,SMC
GTTAGGTACTAACTGG-1,2,Fibroblast
GTTCATCTTACATTCC-1,3,Adipocyte
GTTCCAGTGCCTTACC-1,6,Fibroblast
GTTCTTGATCTGTTGA-1,0,SMC
GTTGAAGGAAGTCGGC-1,4,SMC
GTTGAATCAACCTGGC-1,4,SMC
GTTGACGAACCAGAAC-1,3,Adipocyte
GTTGACGGATAGCCAT-1,2,Fibroblast
GTTGACTAGAGCACGT-1,5,Macrophage
GTTGCTCCTGAGATTC-1,4,SMC
GTTGTCCTGTGATGTA-1,5,Macrophage
TAACAGCAGGCCTTAC-1,4,SMC
TAACAGGAACCGACAA-1,4,SMC
TAACAGGTCCATACCA-1,4,SMC
TAACATGGCCACCTCC-1,4,SMC
TAACCTTGAGACTTCG-1,2,Fibroblast
TAACGAGCCGAAGGTC-1,3,Adipocyte
TAACGAGTTGCCAACC-1,4,SMC
TAACGCGTAATATGGC-1,1,Endothelial
TAACGCTTATGCCATA-1,4,SMC
TAACGTCACTATAATC-1,3,Adipocyte
TAACGTTGCGTCGATG-1,1,Endothelial
TAAGCACGAGACCTAC-1,0,SMC
TAAGCCATACGACACG-1,2,Fibroblast
TAAGCTCCTTCACGCC-1,2,Fibroblast
TAAGGACGCCTGGTTG-1,4,SMC
TAAGTGGCCGCTCACC-1,3,Adipocyte
TAAGTGTCAAGGTGGC-1,2,Fibroblast
TAATAGCGCTGTACTC-1,6,Fibroblast
TAATCGACATTGTTGG-1,4,SMC
TAATGTGCACGATCTG-1,1,Endothelial
TAATTAAGGAGTACTG-1,4,SMC
TACAAGCGGAAGTACG-1,1,Endothelial
TACACTGCAGGTTAGA-1,0,SMC
TACACTGTCGAACCAA-1,4,SMC
TACATCGTCAGCGGTT-1,1,Endothelial
TACCAGACAACCTCAG-1,4,SMC
TACGACGCGATTCAAG-1,3,Adipocyte
TACGAGATTGGTCTGT-1,4,SMC
TACGGAGTCAACGAAG-1,4,SMC
TACGGATCAGCCATCC-1,4,SMC
TACGTATCGAGGTTGT-1,0,SMC
TACTAGTACCGGATGG-1,0,SMC
TACTATGTTGAATCTT-1,2,Fibroblast
TACTCCGAAGTAGAAT-1,3,Adipocyte
TACTCCTACATCAACT-1,4,SMC
TAGACCGGCCAGTACG-1,4,SMC
TAGAGGCGATTGATTC-1,5,Macrophage
TAGCGGACCACTGTTA-1,2,Fibroblast
TAGCGTATAGCGCTAA-1,0,SMC
TAGCTAGAAGCGATCA-1,3,Adipocyte
TAGCTCGAATCGTCCG-1,0,SMC
TAGCTTAAGCTGGCGT-1,3,Adipocyte
TAGGATGCACCGTTCA-1,5,Macrophage
TAGGCATCTGCGGACC-1,4,SMC
TAGGCGAGCGATCGGT-1,2,Fibroblast
TAGTATAACCTCGACA-1,2,Fibroblast
TAGTATCCAATTACGT-1,4,SMC
TAGTGAGGACATGTTG-1,3,Adipocyte
TAGTGATGACTCCTGG-1,3,Adipocyte
TATCAACGAATATGAG-1,0,SMC
TATCAAGGCCGCGTGG-1,0,SMC
TATCAATGCCGCTCAC-1,0,SMC
TATCACTTCGAGCCGT-1,3,Adipocyte
TATCCACTTGCGTATC-1,5,Macrophage
TATCCTGCGGTTGATC-1,2,Fibroblast
TATCTAATCACCTCGG-1,2,Fibroblast
TATCTAGGAGTGGACA-1,2,Fibroblast
TATCTAGTCGCATGCA-1,2,Fibroblast
TATGACAATGCTTGAA-1,5,Macrophage
TATGACGGAGATTGGC-1,5,Macrophage
TATGAGGATCTACTGG-1,2,Fibroblast
TATTGAATCCGACTAA-1,1,Endothelial
TATTGATCGTGATCTT-1,0,SMC
TCAAGGCAACGCGGCT-1,6,Fibroblast
TCAAGGTATCAACTTA-1,0,SMC
TCACAAGCTCGAGGCA-1,3,Adipocyte
TCACATCCTGTCGCGG-1,0,SMC
TCACATCCTTCTCAGT-1,2,Fibroblast
TCACATTGTCGGTGAC-1,1,Endothelial
TCACCGTTGCTAATGG-1,4,SMC
TCACGACATCAGAAGG-1,0,SMC
TCACGATACCTAGCCA-1,0,SMC
TCAGCGTGACCTTACC-1,4,SMC
TCAGCTACCAACTCCG-1,1,Endothelial
TCAGCTAGGATGTACT-1,0,SMC
TCAGCTATTAATCGCT-1,0,SMC
TCAGGAGCAACGGTCG-1,5,Macrophage
TCAGGATACACTACAA-1,1,Endothelial
TCAGTATGTAGGACAA-1,2,Fibroblast
TCAGTCAGCGATCAGA-1,2,Fibroblast
TCAGTCGCCAAGGTTG-1,5,Macrophage
TCATAGCTTCCAGTAC-1,3,Adipocyte
TCATAGGTGAGTCGAC-1,1,Endothelial
TCATCGTTATGTATCT-1,0,SMC
TCATGAGTAAGACATC-1,2,Fibroblast
TCATTGATAGACTTGC-1,2,Fibroblast
TCATTGTTCAATGCGT-1,1,Endothelial
TCCAACTAAGACTCCA-1,3,Adipocyte
TCCAACTGAATAAGGT-1,3,Adipocyte
TCCAACTGCCGCCATA-1,3,Adipocyte
TCCAATCTAACACGCA-1,4,SMC
TCCAGTACGTGCTATG-1,4,SMC
TCCATGATGTGATCAA-1,3,Adipocyte
TCCATGCGTCCACCAG-1,1,Endothelial
TCCGAACATAGTCTGA-1,4,SMC
TCCGAACCTCAACCAT-1,4,SMC
TCCGCCAGTGATTAAT-1,5,Macrophage
TCCGGCTCTATGGACA-1,1,Endothelial
TCCGTCCACTCGGAGC-1,4,SMC
TCCGTGTCTTACATAA-1,5,Macrophage
TCCTCACGTGTAGACG-1,3,Adipocyte
TCCTGATAAGTGCCGT-1,3,Adipocyte
TCCTGGTGGCAATAGC-1,5,Macrophage
TCCTTACTCGCAATGA-1,2,Fibroblast
TCGACGAAGAGCAAGT-1,5,Macrophage
TCGAGTGGTAGGTCAC-1,3,Adipocyte
TCGATCCAGTCTGTAG-1,6,Fibroblast
TCGATCGTGAGGCGCC-1,1,Endothelial
TCGCACTGTACGGCGA-1,0,SMC
TCGCCTATCGACTCCT-1,5,Macrophage
TCGCCTGGTGGATTCT-1,1,Endothelial
TCGGAACGTCTGCAAG-1,0,SMC
TCGGCGCAGAATGTCT-1,5,Macrophage
TCGGCGCAGATAGATA-1,3,Adipocyte
TCGGTGTCTAACCAAG-1,0,SMC
TCGTATCACGTTATGA-1,4,SMC
TCGTCCAGCATGGCTT-1,5,Macrophage
TCGTGCCTCGGTAGTT-1,0,SMC
TCTACAACTGGAACTT-1,1,Endothelial
TCTACATGTCCGACTT-1,0,SMC
TCTAGGCGGAAGGCAC-1,0,SMC
TCTGCGTGCTTCAGAC-1,5,Macrophage
TCTGGATATTAACCTA-1,1,Endothelial
TCTGGTATCTGTAGCC-1,1,Endothelial
TCTGTCACCGTTAATA-1,2,Fibroblast
TCTTACCGCTCGTATG-1,0,SMC
TCTTACTGAGACTAGT-1,3,Adipocyte
TCTTAGTCGTCTCGGC-1,5,Macrophage
TCTTGAGTCATTATAC-1,3,Adipocyte
TCTTGCACTATTCAGA-1,1,Endothelial
TGAACGGACACGTATC-1,3,Adipocyte
TGAAGCACCGTCATGA-1,0,SMC
TGAAGTATGATCGTGC-1,5,Macrophage
TGAATGTACCTTCGTC-1,2,Fibroblast
TGAATGTTGACATCGT-1,3,Adipocyte
TGAATTCGTGGTATAA-1,6,Fibroblast
TGACATTACAACGCCG-1,2,Fibroblast
TGACCAAGCTGCACAT-1,2,Fibroblast
TGACCAATCAGCCACG-1,3,Adipocyte
TGACCAGCACTCCAGC-1,0,SMC
TGACCAGGTATGACCT-1,1,Endothelial
TGACTTGCACTCACGG-1,1,Endothelial
TGAGGTAGGACTACTG-1,3,Adipocyte
TGAGTGAGATCGCTAA-1,2,Fibroblast
TGATGGCCGGCATCGC-1,3,Adipocyte
TGATTAGAATGACATA-1,4,SMC
TGCAACAGTGAAGCTC-1,1,Endothelial
TGCAACGTTACCTGGT-1,5,Macrophage
TGCACGTAGTTCGAAG-1,3,Adipocyte
TGCACTCCAGCTACTC-1,1,Endothelial
TGCAGACAATACTGTT-1,6,Fibroblast
TGCAGTTATTCCACTC-1,4,SMC
TGCATTAATGGCCACC-1,3,Adipocyte
TGCATTGCTGTCGGCG-1,5,Macrophage
TGCCAATCCATGTCTA-1,1,Endothelial
TGCCAGGATGAGGTTC-1,3,Adipocyte
TGCCTAAGTTAATTAT-1,5,Macrophage
TGCCTATCAATGCCAT-1,1,Endothelial
TGCGAGCCAGACGAAT-1,4,SMC
TGCGATTAGCTCCGCC-1,1,Endothelial
TGCGCCGATCGCGAAG-1,2,Fibroblast
TGCGCCTCTGGCTACA-1,2,Fibroblast
TGCGCTCATAGAACGA-1,0,SMC
TGCGGACTCACGTGAT-1,3,Adipocyte
TGCGGATCATCCTAGA-1,2,Fibroblast
TGCGTGTCGGCGGATA-1,6,Fibroblast
TGCTATCCATGTAATA-1,5,Macrophage
TGCTTAGCTCCTGGCT-1,2,Fibroblast
TGCTTATGACGCTGGC-1,0,SMC
TGGACGCCTGCGACCG-1,1,Endothelial
TGGAGTGCTCCTGATC-1,0,SMC
TGGATCCAGTCACTTC-1,3,Adipocyte
TGGCCAACATTCTGAG-1,2,Fibroblast
TGGCCAAGCGTACAAG-1,2,Fibroblast
TGGCCAGAGTATCTCC-1,1,Endothelial
TGGCCAGATCCGGACA-1,4,SMC
TGGCCTGACATACTCA-1,5,Macrophage
TGGCGACACTGCCGGA-1,1,Endothelial
TGGCTCCGCATCAGAT-1,0,SMC
TGGTACGGACGTAGTT-1,5,Macrophage
TGGTACGTGCTGTTGA-1,0,SMC
TGGTAGCATCAAGTCT-1,3,Adipocyte
TGGTAGCCAGTTGACA-1,1,Endothelial
TGGTATGCAAGTCTAT-1,3,Adipocyte
TGGTATTCCTAGTCCA-1,6,Fibroblast
TGGTCGCCGGCTTACT-1,3,Adipocyte
TGGTCTCAGAATGCAC-1,2,Fibroblast
TGGTGCAGACCGAAGT-1,6,Fibroblast
TGGTGCGAGGTCGTAT-1,4,SMC
TGGTTGAACACGCCAA-1,4,SMC
TGGTTGCCTCCGGCTT-1,1,Endothelial
TGTAAGGTGAGCGACC-1,0,SMC
TGTAATTGTATCCTCG-1,4,SMC
TGTACCAACTACGCAT-1,2,Fibroblast
TGTCAACTCATCAACG-1,2,Fibroblast
TGTCAGAAGTTGTAAC-1,1,Endothelial
TGTCATGCATGAGCAC-1,1,Endothelial
TGTCCATGTATGGAAT-1,0,SMC
TGTCTTGCGACTAATT-1,0,SMC
TGTTCCTCACATTAAT-1,4,SMC
TGTTGGAACGAGGTCA-1,0,SMC
